<?xml version='1.0' encoding='UTF-8' ?>
<timeLogEntries>
  <time id="1" path="/Project/PSP0/Design" start="@1599846481739" delta="9" />
  <time id="2" path="/TI 1/PSP0/Planning" start="@1599949029923" delta="74" interrupt="15" comment="Reviewed Ing. Method" />
  <time id="4" path="/TI 1/PSP0/Design" start="@1599954488661" delta="55" comment="Class Diagram design" />
  <time id="6" path="/TI 1/PSP0/Planning" start="@1599844800000" delta="40" comment="added later, missing from friday" />
  <time id="7" path="/TI 1/PSP0/Code" start="@1600561299862" delta="11" comment="Advance I" />
  <time id="8" path="/TI 1/PSP0/Design" start="@1600561987393" delta="26" comment="Class Diagram design" />
  <time id="9" path="/TI 1/PSP0/Design" start="@1600567018061" delta="35" comment="Class Diagram design" />
  <time id="10" path="/TI 1/PSP0/Design" start="@1600570027743" delta="85" comment="Class Diagram design" />
  <time id="11" path="/TI 1/PSP0/Code" start="@1600829162799" delta="63" interrupt="8" comment="Advance II" />
  <time id="12" path="/TI 1/PSP0/Code" start="@1600894904000" delta="302" comment="Advance III" />
  <time id="13" path="/TI 1/PSP0/Code" start="@1601087004000" delta="74" comment="Advance IV" />
  <time id="14" path="/TI 1/PSP0/Code" start="@1601176735543" delta="60" comment="Advance V" />
  <time id="15" path="/TI 1/PSP0/Code" start="@1601234024000" delta="12" comment="Advance VI" />
  <time id="16" path="/TI 1/PSP0/Code" start="@1601236126332" delta="57" comment="Bug fixes" />
  <time id="17" path="/TI 1/PSP0/Code" start="@1601241653000" delta="154" comment="Redsign GUI, add functionality to attend next button" />
  <time id="19" path="/TI 1/PSP0/Test" start="@1601263244000" delta="4" comment="Bug fix of add and search credit cards and savings accounts in ActiveClient" />
  <time id="20" path="/TI 1/PSP0/Code" start="@1601334216943" delta="406" comment="Finished half of bank operations, others still pending, changed how bank reference was passed thorugh controllers" />
  <time id="21" path="/TI 1/PSP0/Code" start="@1601421430466" delta="118" comment="Finished operations, bug fixes" />
  <time id="22" path="/TI 1/PSP0/Code" start="@1601483664702" delta="21" comment="Bug fixes in sorting clients" />
  <time id="23" path="/TI 1/PSP0/Code" start="@1601489312384" delta="4" comment="Bug fixes in sorting clients" />
</timeLogEntries>
