<?xml version='1.0' encoding='UTF-8' ?>
<timeLogEntries>
  <time id="1" path="/Non Project/PSP for Engineers/Student Profile" start="@1599250256331" delta="1" />
  <time id="2" path="/Non Project/PSP for Engineers/Program 1/Design" start="@1599250369447" delta="6" />
  <time id="3" path="/Non Project/PSP for Engineers/Program 1/Code" start="@1599250716830" delta="76" />
  <time id="4" path="/Project/Tarea_Integradora_1/Planning" start="@1599846695338" delta="47" />
  <time id="5" path="/Project/Tarea_Integradora_1/Planning" start="@1599948899834" delta="92" />
  <time id="6" path="/Project/Tarea_Integradora_1/Design" start="@1599954394039" delta="36" interrupt="13" />
  <time id="7" path="/Project/Tarea_Integradora_1/Design" start="@1600125961199" delta="60" comment="Planned TAD's with Eliezers Waltz. It was effective." />
  <time id="8" path="/Project/Tarea_Integradora_1/Code" start="@1600558038052" delta="60" />
  <time id="9" path="/Project/Tarea_Integradora_1/Code" start="@1600558026517" delta="49" />
  <time id="10" path="/Project/Tarea_Integradora_1/Design" start="@1600561331690" delta="18" />
  <time id="11" path="/Project/Tarea_Integradora_1/Design Review" start="@1600618928651" delta="31" interrupt="5" />
  <time id="12" path="/Project/Tarea_Integradora_1/Code" start="@1600622189990" delta="50" />
  <time id="13" path="/Project/Tarea_Integradora_1/Code" start="@1600894568295" delta="28" />
  <time id="14" path="/Project/Tarea_Integradora_1/Code" start="@1600897721459" delta="74" />
  <time id="15" path="/Project/Tarea_Integradora_1/Design" start="@1600904296848" delta="35" />
  <time id="16" path="/Project/Tarea_Integradora_1/Code" start="@1601061034800" delta="20" />
  <time id="17" path="/Project/Tarea_Integradora_1/Code" start="@1601061022435" delta="12" interrupt="15" />
  <time id="18" path="/Project/Tarea_Integradora_1/Code" start="@1601063964328" delta="28" />
  <time id="19" path="/Project/Tarea_Integradora_1/Code" start="@1601067268217" delta="20" interrupt="22" />
  <time id="20" path="/Project/Tarea_Integradora_1/Code" start="@1601070292828" delta="29" />
  <time id="21" path="/Project/Tarea_Integradora_1/Code" start="@1601139381612" delta="20" />
  <time id="22" path="/Project/Tarea_Integradora_1/Code" start="@1601140401697" delta="10" />
  <time id="23" path="/Project/Tarea_Integradora_1/Code" start="@1601142667309" delta="17" />
  <time id="24" path="/Project/Tarea_Integradora_1/Design Review" start="@1601144999225" delta="24" interrupt="3" />
  <time id="25" path="/Project/Tarea_Integradora_1/Design Review" start="@1601147062492" delta="14" />
  <time id="26" path="/Project/Tarea_Integradora_1/Design Review" start="@1601156599902" delta="44" />
  <time id="27" path="/Project/Tarea_Integradora_1/Code" start="@1601219095377" delta="50" />
  <time id="28" path="/Project/Tarea_Integradora_1/Code" start="@1601221076803" delta="54" />
  <time id="29" path="/Project/Tarea_Integradora_1/Code" start="@1601225266016" delta="17" />
  <time id="30" path="/Project/Tarea_Integradora_1/Test" start="@1601226497381" delta="16" />
  <time id="31" path="/Project/Tarea_Integradora_1/Test" start="@1601231989177" delta="19" />
  <time id="32" path="/Project/Tarea_Integradora_1/Test" start="@1601238897896" delta="49" interrupt="2" />
  <time id="33" path="/Project/Tarea_Integradora_1/Test" start="@1601243336796" delta="23" interrupt="1" />
  <time id="34" path="/Project/Tarea_Integradora_1/Test" start="@1601245262000" delta="49" interrupt="7" />
  <time id="35" path="/Project/Tarea_Integradora_1/Test" start="@1601265721105" delta="22" />
  <time id="36" path="/Project/Tarea_Integradora_1/Design Review" start="@1601398411440" delta="60" />
  <time id="37" path="/Project/Tarea_Integradora_1/Code" start="@1601398937815" delta="31" />
</timeLogEntries>
